reference	coding_yes(1)_no(0)	pr/ab(0)_var(1)	description of the variant	Group	FreeText_Drug	Reference
aph_3prime_III_1_M26832	1	0	.	.	Kanamycin resistance	Steph_list
ermB_1_JN899585	1	0	.	.	Erythromycin and Clindamycin resistance	Steph_list
ermB_10_U86375	1	0	.	.	Erythromycin and Clindamycin resistance	Steph_list
ermB_16_X82819	1	0	.	.	Erythromycin and Clindamycin resistance	Steph_list
ermB_20_AF109075	1	0	.	.	Erythromycin and Clindamycin resistance	Steph_list
ermC_13_M13761	1	0	.	.	Erythromycin and Clindamycin resistance	Steph_list
cat_5_U35036	1	0	.	.	Chloramphenicol resistance	Steph_list
catpC194_1_NC_002013	1	0	.	.	Chloramphenicol resistance	Steph_list
catpC233_1_AY355285	1	0	.	.	Chloramphenicol resistance	Steph_list
catQ_1_M55620	1	0	.	.	Chloramphenicol resistance	Steph_list
msrD_2_AF274302	1	0	.	.	Erythromycin resistance	Steph_list
msrD_3_AF227520	1	0	.	.	Erythromycin resistance	Steph_list
mefA_10_AF376746	1	0	.	.	Erythromycin resistance	Steph_list
mefE_AE007317	1	0	.	.	Erythromycin resistance	Steph_list
tetM_1_X92947	1	0	.	.	Tetracycline resistance	Steph_list
tetM_12_FR671418	1	0	.	.	Tetracycline resistance	Steph_list
tetK_4_U38428	1	0	.	.	Tetracycline resistance	Steph_list
tetM_13_AM990992	1	0	.	.	Tetracycline resistance	Steph_list
tetM_2_X90939	1	0	.	.	Tetracycline resistance	Steph_list
tetM_4_X75073	1	0	.	.	Tetracycline resistance	Steph_list
tetM_5_U58985	1	0	.	.	Tetracycline resistance	Steph_list
tetM_8_X04388	1	0	.	.	Tetracycline resistance	Steph_list
tetS_M	1	0	.	.	Tetracycline resistance	Steph_list
tetS_M_MH283012	1	0	.	.	Tetracycline resistance	PMID: 31789384
tetAp_L20800	1	0	.	.	Tetracycline resistance	PMID: 31789384
tetBp_L20800	1	0	.	.	Tetracycline resistance	PMID: 31789384
tetAQ2_Z21523	1	0	.	.	Tetracycline resistance	PMID: 31789384
tetS_FN555436	1	0	.	.	Tetracycline resistance	PMID: 31789384
tetT_L42544	1	0	.	.	Tetracycline resistance	PMID: 31789384
tetW_AJ222769	1	0	.	.	Tetracycline resistance	PMID: 31789384
tet32_AJ295238	1	0	.	.	Tetracycline resistance	PMID: 31789384
tet36_AJ514254	1	0	.	.	Tetracycline resistance	PMID: 31789384
tet44_FN594949	1	0	.	.	Tetracycline resistance	PMID: 31789384
tet58_KY887560	1	0	.	.	Tetracycline resistance	PMID: 31789384
tet_M74049	1	0	.	.	Tetracycline resistance	PMID: 31789384
tetS_M_HM367711	1	0	.	.	Tetracycline resistance	PMID: 31789384
tetS_M_AY534326	1	0	.	.	Tetracycline resistance	PMID: 31789384
tetM_M85225	1	0	.	.	Tetracycline resistance	PMID: 31789384
tetS_FN555436	1	0	.	.	Tetracycline resistance	PMID: 31789384
tetM_MH283017	1	0	.	.	tetracycline resistance	PMID: 31789384
folA_AE007317	1	1	I100L	.	"proteinID-AAL00232.1, Trimethoprim"	Steph_list
folP_AE007317	1	1	.	.	"proteinID-AAK99071.1, Sulfamethoxazole resistance on if insertions in 56-67 amino acids"	Steph_list
gyrA_AE007317	1	1	S81F	.	Fluoroquinolone	Steph_list
gyrA_AE007317	1	1	S81Y	.	Fluoroquinolone	Steph_list
gyrA_AE007317	1	1	S81C	.	Fluoroquinolone	Steph_list
gyrA_AE007317	1	1	S81I	.	Fluoroquinolone	Steph_list
gyrA_AE007317	1	1	E85K	.	Fluoroquinolone	Steph_list
gyrA_AE007317	1	1	Q118A	.	Fluoroquinolone	Steph_list
gyrB_AE007317	1	1	E474K	.	Fluoroquinolone	Steph_list
parC_AE007317	1	1	A63T	.	Fluoroquinolone	Steph_list
parC_AE007317	1	1	S79F	.	Fluoroquinolone	Steph_list
parC_AE007317	1	1	S79Y	.	Fluoroquinolone	Steph_list
parC_AE007317	1	1	S79L	.	Fluoroquinolone	Steph_list
parC_AE007317	1	1	S79F	.	Fluoroquinolone	Steph_list
parC_AE007317	1	1	D83G	.	Fluoroquinolone	Steph_list
parC_AE007317	1	1	D83N	.	Fluoroquinolone	Steph_list
parE_AE007317	1	1	E474K	.	Fluoroquinolone	Steph_list
parE_AE007317	1	1	D435N	.	Fluoroquinolone	Steph_list
parE_AE007317	1	1	D435H	.	Fluoroquinolone	Steph_list
parE_AE007317	1	1	P454S	.	Fluoroquinolone	Steph_list
tetO_Y07780	1	0	.	.	Tetracycline resistance	Steph_list
ermBups_HG799494	0	0	.	.	Erythromycin and Clindamycin resistance	Steph_list
ermbTr_CP002121	0	0	.	.	Erythromycin and Clindamycin resistance	Steph_list
rplD_AE007317	1	1	.	.	Linezolid resistance (deletion within the L4 region of the gene )	PMID:24492357
rpoB_AE007317	1	1	D489E	.	rifampicin resistance -D415E	PMID:10508007
rpoB_AE007317	1	1	H499N	.	rifampicin resistance -H425N	PMID:10508007
rpoB_AE007317	1	1	D489N	.	rifampicin resistance -H415N	PMID:10508007
vanB_KC489787	1	0	.	.	Vacomycin resistance	steph_list
vanD_EU999036	1	0	.	.	Vacomycin resistance	steph_list
vanE_FJ872411	1	0	.	.	Vacomycin resistance	steph_list
vanG_KF704242	1	0	.	.	Vacomycin resistance	steph_list
otrA_X53401	1	0	.	.	Tetracycline resistance	PMID: 31789384
vanA_M97297	1	0	.	.	Vacomycin resistance (E.faecium)	CARD
vanC_AF162694	1	0	.	.	Vacomycin resistance (E.gallinarum)	CARD
23S_NZ_CP018347	0	1	A2114G	.	Macrolide:32347-35250	amrfindrPlus
23S_NZ_CP018347	0	1	A2115G	.	Macrolide:32347-35250	amrfindrPlus
23S_NZ_CP018347	0	1	A2118G	.	Macrolide/Streptogramin:32347-35250	amrfindrPlus
23S_NZ_CP018347	0	1	C2630A	.	Macrolide:32347-35250	amrfindrPlus
23S_NZ_CP018347	0	1	C2630G	.	Macrolide:32347-35250	amrfindrPlus